rus,o'zbek,inglizcha
и,va,and
в / во,ichida / da,in / inside of / at
не,emas / yo'q,not / no
он,u (erkak),he
на,ustida / ga / da,on / over / to
я,men,I
что,nima / u,that / what
тот,u / o'sha,that
быть,bo'lmoq,to be
с / со,bilan / dan / dan boshlab,with / from / since
а,lekin / esa,but / whereas
весь,hamma / butun,all / entire
это,bu / u,this / it
как,qanday / qancha,how
она,u (ayol),she
по,bo'ylab / bo'yicha,on / along
но,lekin,but
они,ular,they
к / ко,ga / tomon,to / towards
у,yonida / da,at / close to
из / изо,dan / ichidan,from / out of
мы,biz,we
за,uchun / ortida,for / behind
ты,sen,you / thou
вы,siz,you
так,shunday / shu tarzda,so / thus
сказать,aytmoq / gapirmoq,to tell
от,dan,off / from
этот,bu,this
который,qaysi / u,which
мочь,qila olmoq,can
о / об / обо,haqida / to'g'risida,about / on the topic of
человек,odam / inson,person
один,bir,one
ещё,hali / yana,still / yet / more
такой,bunday / shunday,such
только,faqat,only
себя,o'zini / o'zim / o'zing,myself / himself / herself / itself
своё,o'zining,its / own
какой,qanday / qaysi,what / which
для,uchun,for
уже / уж,allaqachon,already
когда,qachon,when
кто,kim,who
вот,mana / ana,here is / there
да,ha,yes
год,yil,year
знать,bilmoq,to know
если,agar / agar-da,if / in case
до,gacha / ga qadar,until / up to
говорить,gapirmoq / so'zlamoq,to speak
или,yoki,or
мой,mening,mine
время,vaqt,time
рука,qo'l,hand
самый,eng,most
нет,yo'q,no
ни,hech / na,not a / in no
стать,bo'lmoq / aylanmoq,to become
большой,katta / ulkan,big
наш,bizning,ours
даже,hatto,even
другой,boshqa,another
свой,o'zining,its / own
дело,ish / vazifa,business
под,ostida / pastida,under
где,qayerda,where
ну,xo'sh / bo'ldi,well / come on
сам,o'zi / o'zim / o'zing,myself / yourself / itself
есть,bo'lmoq / yemoq,to be / to eat
раз,marta / bir marta,time / once
два,ikki,two
чем,dan (taqqoslash) / o'rniga,than / instead of
там,u yerda / o'sha yerda,there
глаз,ko'z,eye
первый,birinchi,first
день,kun,day
жизнь,hayot / umr,life
тут,bu yerda,here
ничто,hech narsa,nothing
потом,keyin / so'ngra,then / afterwards
очень,juda / g'oyat,very
ли,mi (so'roq yuklamasi) / yoki,whether
при,da / bilan / paytida,at / with / at the time of
хотеть,xohlamoq / istamoq,to want
надо,kerak / zarur,need / one must
голова,bosh,head
без,siz / -siz,without
видеть,ko'rmoq,to see
теперь,endi / hozir,now
идти,bormoq / yurmoq,to go
друг,do'st,friend
сейчас,hozir / hoziroq,now
стоять,turmoq,to stand
дом,uy,house
тоже,ham,too
после,keyin / dan so'ng,after
можно,mumkin / bo'ladi,it is possible / one may
слово,so'z,word
через,orqali / bo'ylab / dan keyin,across / through / after
место,joy / o'rin,place
думать,o'ylamoq,to think
здесь,bu yerda,here
спросить,so'ramoq,to ask
лицо,yuz / aft,face
тогда,u payt / o'shanda,then
что (мест.),nima / u,that / which
должный,kerakli / lozim,due / proper
ведь,axir / aslida,in fact
новый,yangi,new
каждый,har bir / hamma,everyone
хороший,yaxshi,good
жить,yashаmoq,to live
почему,nima uchun / nega,why
потому,shuning uchun,that is why
сторона,tomon / yon,side
смотреть,qaramoq / ko'rmoq,to look
иметь,ega bo'lmoq,to have
просто,oddiy / shunchaki,simply
понять,tushunmoq / anglamoq,to understand
сидеть,o'tirmoq,to sit
нога,oyoq / oyoq (pastki qism),leg
делать,qilmoq / bajarmoq,to do
сделать,qilmoq / yasamoq,to make
вдруг,to'satdan / birdaniga,suddenly
никто,hech kim,no one / nobody
работа,ish / mehnat,work
перед,oldida / dan oldin,before / in front of
ваш,sizning,yours
нужный,kerakli / zaruriy,necessary
над / надо,ustida,above / on top of
взять,olmoq / ko'tarmoq,to take
конечно,albatta,certainly
понимать,tushunmoq,to understand
дверь,eshik,door
казаться,ko'rinmoq / tuyulmoq,to seem
три,uch,three
конец,oxir / uchi,end
город,shahar,city
несколько,bir necha / biroz,somewhat / slightly
начать,boshlаmoq,to begin
голос,ovoz,voice
час,soat,hour
пока,hali / -gacha / shu vaqtgacha,while
последний,oxirgi,last
более,ko'proq,more
земля,yer / tuproq,ground
хорошо,yaxshi / yaxshilab,well
хотя,garchi / bo'lsa ham,although / though
сила,kuch,force
вода,suv,water
второй,ikkinchi,second
увидеть,ko'rmoq,to see
всегда,har doim / doimo,always
давать,bermoq,to give
случай,holat / vaziyat,case
куда,qayerga,where
пойти,bormoq,to go
стол,stol,table
машина,mashina / avtomobil,machine / car
мир,dunyo / tinchlik,world
ночь,tun / kecha,night
женщина,ayol / xotin,woman
остаться,qolmoq,to remain
сразу,darhol / birdan,at once
совсем,butunlay / umuman,absolutely / entirely
ребёнок,bola / go'dak,child
выйти,chiqmoq,to leave
вид,tur / ko'rinish,kind / appearance
отец,ota,father
вопрос,savol / masala,question
дать,bermoq,to give
работать,ishlamoq,to work
оказаться,bo'lib chiqmoq,to appear
ряд,qator / saflar,row / line
почти,deyarli / qariyb,almost
снова,yana / qaytadan,again
старый,eski / keksa,old
страна,mamlakat / davlat,country
твой,sening,yours / thy
между,orasida / o'rtasida,between
ответить,javob bermoq,to answer
много,ko'p,much / lots of
война,urush,war
подумать,o'ylamoq,to think
деньги,pul,money
любить,sevmoq / yaxshi ko'rmoq,to love
значить,anglatmoq / bildirmoq,to mean
белый,oq,white
главный,asosiy / bosh,main
минута,daqiqa,minute
лишь,faqat / zotan,only / as soon as
товарищ,o'rtoq / sherик,comrade
опять,yana / qaytadan,again
ждать,kutmoq,to wait
однако,ammo / lekin / biroq,however / yet / still
правда,haqiqat,truth
посмотреть,qarab ko'rmoq,to look
про,haqida / to'g'risida,about
никогда,hech qachon,never
будто / словно,go'yo / xuddi,as if / as though
часть,qism / bo'lak,part
именно,aynan / xuddi,specifically / exactly
найти,topmoq,to find
дорога,yo'l / ko'cha,road
свет,yorug'lik / nur,light
жена,xotin / rafiqа,wife
никакой,hech qanday,any / none
лежать,yotmoq,to lay
окно,deraza,window
Россия,Rossiya,Russia
мать,ona / aya,mother
решить,hal etmoq / yechmoq,to solve
получить,olmoq / qo'lga kiritmoq,to receive
Москва,Moskva,Moscow
писать,yozmoq,to write
улица,ko'cha,street
вернуться,qaytmoq / qaytib kelmoq,to return
вообще,umuman / asosан,in general
некоторый,ba'zi / ayrim,some / certain
далёкий,uzoq / yiroq,far / distant
маленький,kichik / kichkina,small
считать,hisоblamoq / hisoblamoq,to consider / to count
комната,xona / uy,room
утро,ertalab / tong,morning
советский,sovet,soviet
вечер,kech / oqshom,evening
сегодня,bugun,today
душа,ruh / jon,soul
книга,kitob,book
плечо,yelka,shoulder
вместе,birga / birgalikda,together
таки,baribir / nihoyat,still / after all / in spite of
чуть,zo'rg'a / sal,hardly / only
пол,pol / zamin,floor
помнить,eslamoq / xotirlаmoq,to remember
сколько,qancha / nechta,how many / how much
народ,xalq / odamlar,people
хоть,hatto / bo'lsa ham,even / though
взгляд,nazar / qarashmoh,glance / sight
русский,rus,Russian
зачем,nima uchun / nega,what for
история,tarix / hikoya,history
полный,to'la / to'liq,full
узнать,bilib olmoq / tanib olmoq,to learn / to recognize
любой,har qanday / istalgan,any
Бог,Xudo / Iloh,God
прийти,kelmoq,to come
ходить,yurmoq / borib kelmoq,to walk / to go
заметить,sezmoq / payqаmoq,to notice
известный,mashhur / ma'lum,known
палец,barmoq (qo'l yoki oyoq),finger / toe
наконец,nihoyat / axir,at last
общий,umumiy / hammaga tegishli,general
имя,ism / nom,name
назад,orqага / oldingi paytga,back
бывать,bo'lmoq / uchrab turmoq,to happen / to occur
мысль,fikr / o'y,idea
слышать,eshitmoq,to hear
уйти,ketmoq / chiqib ketmoq,to leave
прошлый,o'tgan / keyingi,past / last
бояться,qo'rqmoq,to be afraid
быстро,tez / shoshilinch,quickly
давно,uzoq vaqtdan beri / ancha oldin,long ago
слушать,tinglаmoq / eshitmoq,to listen
прямо,to'g'ridan-to'g'ri / bevosita,directly
разговор,suhbat / so'zlashув,conversation
долго,uzoq vaqt davomida,for a long time
нельзя,mumkin emas / bo'lmaydi,it is impossible / must not
похожий,o'xshash,similar
право,huquq,right
лес,o'rmon,woods / forest
пять,besh,five
глядеть,qaramoq / ko'rmoq,to look
сын,o'g'il,son
путь,yo'l / usul,way
тысяча,ming,one thousand
пора,fasl / vaqt / mahal,season / time
красный,qizil,red
сесть,o'tirmoq,to sit down
оно,u (narsalar uchun),it
кроме,bundan tashqari / dan boshqa,except for
стена,devor,wall
оставаться,qolmoq,to remain
высокий,baland / uzun bo'yli,high
хотеться,xohlаmoq (ixtiyorsiz),to be wanted
совершенно,butunlay / mutlaqo,absolutely
поэтому,shuning uchun,therefore
написать,yozmoq,to write
пусть,qo'ysin / bo'lsin,let
ранний,erta / ertalabki,early
читать,o'qimoq,to read
чувствовать,his qilmoq / sezmoq,to feel
спина,orqa,back
месяц,oy,month
целый,butun / to'liq,whole
вести,boshchilik qilmoq / olib bormoq,to lead / to drive
молодой,yosh,young
огромный,ulkan / katta,huge
тело,tana / badan,body
настоящий,haqiqiy / hozirgi,present / real / genuine
продолжать,davom ettirmoq,to continue
точно,aniq / to'g'ri,precisely
язык,til,language
мама,mama / ona,mum
среди,orasida / ichida,among
старик,chоl / keksa erkak,old man
успеть,ulgurib qolmoq / vaqtida yetmoq,to be in time
смерть,o'lim,death
власть,hokimiyat / kuch,authority / power
мальчик,bola / o'g'il bola,boy
также,shuningdek / ham,also
брать,olmoq,to take
образ,obraz / ko'rinish / rasm,image
письмо,xat,letter
живой,tirik / jonli,alive
отношение,munosabat / aloqa,attitude
сердце,yurak,heart
начальник,boshliq / rahbar,chief
пройти,o'tmoq / o'tib ketmoq,to pass
начинать,boshlamoq,to begin
вокруг,atrofida / tevaragida,around
появиться,paydo bo'lmoq,to appear
чёрный (прил.),qora (sifat),black
девушка,qiz / qiz bola,girl
солдат,askar / jangchi,soldier
иногда,ba'zan / gohida,sometimes
забыть,unutmoq,to forget
вспомнить,eslamoq / yodga olmoq,to recollect
небо,osmon,sky
затем,so'ngra / keyin,then
система,tizim / sistema,system
воздух,havo,air
оба,ikkalasi ham,both
собственный,o'zining / shaxsiy,own
пытаться,urinmoq / harakat qilmoq,to try
находиться,joylashmoq / bo'lmoq,be found / to be
держать,ushlamoq / tutmoq,to hold
просить,so'ramoq / iltimos qilmoq,to ask
показать,ko'rsatmoq,to show
разный,turli / har xil,different
ребята,bolalar / yigitlar,children
брат,aka / uka / ukа,brother
квартира,kvartira / uy,apartment
откуда,qayerdan,from where / whence
выходить,chiqmoq,to come out
четыре,to'rt,four
поднять,ko'tarmoq,to lift
генерал,general,general
называть,atamoq / nomlаmoq,to name
третий,uchinchi,third
послать,yubormoq,to send
подойти,yaqinlashmoq / kelib qolmoq,to approach
рассказать,hikoya qilmoq / aytmoq,to tell
особенно,ayniqsa / xususan,especially
кровь,qon,blood
встать,turmoq / o'rnidan turmoq,to stand up
шаг,qadam,step
спрашивать,so'ramoq,to ask
хозяин,egasi / xo'jayin,owner
внимание,e'tibor / diqqat,attention
следовать,ergashmoq / itoat etmoq,to follow
поставить,qo'ymoq,to put
бросить,uloqtirmoq / tashlаmoq,to throw
вроде,taxminan / singari,like / kinda
великий,buyuk / ulug',great
например,masalan,for example
оставить,qoldirmoq / tashlab ketmoq,to leave / to give up / to keep
туда,u yoqqa / u yерга,there
действительно,haqiqatan ham,really
мало,kam / ozgina,a little / few
школа,maktab,school
равно,teng / baravаr,equally
труд,mehnat / ish,labour / work
капитан,kapitan,captain
сюда,bu yerga / shu tomonga,here / this way
слишком,haddan tashqari / juda,too
следующий,keyingi / navbatdagi,following
тяжёлый,og'ir / qiyin,heavy
парень,yigit / bola,guy
группа,guruh,group
солнце,quyosh,sun
любовь,sevgi / muhabbat,love
отвечать,javob bermoq,to answer
ухо,quloq,ear
уходить,ketmoq / uzoqlashmoq,to leave / to go away
неделя,hafta,week
войти,kirmoq,to enter
чтоб / чтобы,uchun / maqsadida,so that / in order to
рассказывать,hikoya qilmoq,to tell
молчать,jim turmoq / indаmаsliк,to be silent
ответ,javob,answer
десять,o'n,ten
спать,uxlamoq / yotmoq,to sleep
готовый,tayyor,ready
являться,bo'lmoq / hisoblanmoq,to appear
двадцать,yigirma,twenty
берег,qirg'oq / soхil,coast
помощь,yordam,help
мужчина,erkak / erkak kishi,man
момент,lahza / daqiqa,moment
искать,qidirmoq / izlamoq,to search
остановиться,to'xtamoq,to stop
личный,shaxsiy,personal
газета,gazeta,newspaper
длинный,uzun,long
видно,ko'rinadi / ravshan,obviously / evidently
против,qarshi,against
верить,ishonmoq,to trust
чувство,his / tuyg'u,feeling
порядок,tartib / nazorat,order
семья,oila,family
армия,armiya / qo'shin,army
немного,biroz / ozginа,a little
играть,o'ynamoq,to play
возможность,imkoniyat / imkon,opportunity
сильный,kuchli,strong
разве,nahotki / ehtimol,perhaps / unless
впрочем,biroq / ammo,however
становиться,bo'lmoq / aylanmoq,to become
движение,harakat,movement
муж,er / turmush o'rtog'i,husband
нос,burun,nose
тихо,jimgina / sekin,silently
знакомый,tanish (ot) / tanish (sifat),friend
огонь,o't / alanga,fire
двор,hovli / tashqari,yard / outdoors
смочь,qila olmoq,can
иной,boshqa,other
бежать,yugurmoq,to run
скорый,tez / shoshilinch,fast
наверное,ehtimol / balki,probably
приехать,kelib qolmoq / yetib kelmoq,to arrive
простой,oddiy / sodda,simple
принять,qabul qilmoq,to accept
угол,burchak,corner
смысл,ma'no / mohiyat,sense
открыть,ochmoq,to open
общество,jamiyat,society
грудь,ko'krak,breast
военный,harbiy,military
происходить,sodir bo'lmoq / kelib chiqmoq,to occur / to descend from
дерево,daraxt,tree
немец,nemis,German
губа,lab,lip
снег,qor,snow
либо,yoki / yo,or / either..or
дядя,амаки / tog'а / амаki,uncle
ехать,bormoq / haydamoq (transport),to ride / to drive
очередь,navbat,turn / queue
форма,shakl / kiyim,form
закон,qonun,law
собираться,to'planmoq / yig'ilmoq,to gather
показаться,ko'rinmoq / tuyulmoq,to seem
собака,it / kuchuk,dog
домой,uyga,home
попасть,tushmoq / tegib ketmoq,to get into / to hit a target
услышать,eshitmoq,to hear
приходить,kelmoq,to come
кричать,baqirmoq / qichqirmoq,to shout
состояние,holat / ahvol,condition
произойти,sodir bo'lmoq,to occur
сон,uyqu / tush,dream
подняться,ko'tarilmoq,to rise
ладно,yaxshi / mayli,all right
карман,cho'ntak,pocket
часто,ko'pincha / tez-tez,often
случиться,sodir bo'lmoq / yuz bermoq,to happen
зелёный,yashil,green
девочка,qizcha / qiz bola,girl
камень,tosh,stone
сначала,avval / birinchi,first
ветер,shamol,wind
проблема,muammo / masala,problem
связь,aloqa / munosabat,communication
стараться,harakat qilmoq / urinmoq,to try
гость,mehmon,visitor
лучший,eng yaxshi,best
зуб,tish,tooth
мера,o'lchov / chora,measure
век,asr / umr,century
поехать,jo'namoq / ketmoq (transport),to depart / to drive
номер,raqam / nomer,number
странный,g'alati / ajib,strange
страшный,dahshatli / qo'rqinchli,terrible
средство,vosita / resurs,means
единственный,yagona,unique
действие,harakat / amal,action
ход,harakat / yo'nalish,course
государство,davlat,state
российский,Rossiya Federatsiyasining,of the Russian Federation
короткий,qisqa,short
уметь,udday olmoq / bilmoq (malaka),to know how / to be able
данный,berilgan / ushbu,given
необходимый,zarur / kerakli,necessary
глава,boshliq / bob,chief / chapter
партия,partiya / guruh,party (political) / group
край,chet / qirg'oq,edge / outskirt
вперёд,oldinga,forward
река,daryo,river
судьба,taqdir,destiny
рота,rota (harbiy),company (military) / squadron
добрый,mehribon / yaxshi,kind
речь,nutq / so'z,speech
заниматься,mashg'ul bo'lmoq,to be engaged
вполне,to'liq / tamomila,quite / completely
положить,qo'ymoq,to put
причина,sabab,reason
гора,tog',mountain
никак,hech qanday yo'l bilan,in no way
страх,qo'rquv,fear
тёмный,qorong'i / to'q (rang),dark
едва,zo'rg'a / qiyin bilan,hardly
море,dengiz,sea
зал,zal / xona,hall
серый,kulrang,grey
врач,shifokor / tabib,doctor
возле,yonida / atrofida,beside / by / near
довольно,yetarli / ancha,enough
командир,qo'mondon / komandир,commander
основной,asosiy,basic
медленно,asta / sekin,slowly
ясно,aniq / ravshan,clearly
боль,og'riq / dard,pain
господин,janob / ser,mister
вчера,kecha,yesterday
вещь,narsa / buyum,thing
результат,natija,result
число,son / raqam / sana,number / date
цель,maqsad,purpose
начаться,boshlanmoq,to begin
лёгкий,engil / oson,easy / light
звать,chaqirmoq,to call
положение,holat / vaziyat / o'rin,position
бывший,sobiq / ilgari,former
писатель,yozuvchi,writer
далеко,uzoqda / uzoqqa,far
бумага,qog'oz,paper
проходить,o'tmoq,to pass
удаться,uddag a olmoq / muvaffaqiyatli bo'lmoq,to succeed
план,reja / plan,plan
черта,xususiyat / chiziq,feature
около,yaqinida / atrofida,nearby
подобный,o'xshash / shunday,similar
широкий,keng,wide
завтра,ertaga,tomorrow
прийтись,to'g'ri kelmoq / mos tushmoq,to come / to fall within
документ,hujjat,document
снять,olib tashlаmoq / echmoq,to remove
плохо,yomon,badly
представить,taqdim etmoq,to present
прежний,oldingi / sobiq,former
произнести,talaffuz etmoq / aytmoq,to say / to pronounce
небольшой,kichik / kichkina,small
пустой,bo'sh,empty
обычно,odatda / rendomi,usually
знать (сущ.),zodagonlar / aristokratiya,aristocracy / nobility
волос,soch,hair
объяснить,tushuntirmoq,to explain
пара,juft / bir necha,pair
след,iz,trace
представлять,ifodalаmoq / ko'rsatmoq,to represent
решение,qaror,decision
купить,sotib olmoq,to buy
существовать,mavjud bo'lmoq,to exist
особый,maxsus / o'ziga xos,special
иначе,boshqacha / aks holda,otherwise
умереть,vafot etmoq / o'lmoq,to die
класс,sinf / klass,class
условие,shart / holat,condition
центр,markaz,center
красивый,chiroyli / go'zal,beautiful
скоро,tez orada / yaqinda,soon
прежде,ilgari / oldin,previously / before
пить,ichmoq,to drink
встреча,uchrashuv / muloqot,meeting
директор,direktor,director
рубль,rubl,rouble
однажды,bir kuni,once
служба,xizmat,service
процесс,jarayon,process
близкий,yaqin,close one
чистый,toza / sof,pure / clean
президент,prezident,president
память,xotira / eslash,memory
сквозь,orqali / ichidan,through
сообщить,xabar bermoq / bildirmoq,to inform
человеческий,insoniy,human
назвать,atamoq / nomlаmoq,to name
сей,bu / ushbu,this
герой,qahramon,hero
дух,ruh / maslak,spirit
худой,ozg'in / ingichka,thin
мимо,yonidan o'tib,past / by
возможно,ehtimol / balki,probably
враг,dushman,enemy
убить,o'ldirmoq,to kill
кстати,aytgancha / o'rinli,by the way
чужой,begona / boshqaning,another's
согласиться,rozi bo'lmoq,to agree
счастье,baxt / saodat,happiness
удар,zarba / urish,blow / impact
старший,katta / kattaroq,senior
вместо,o'rniga,instead of
самолёт,samolyot / uchar mashin,aircraft / aeroplane
трудно,qiyin,difficult
улыбнуться,jilmaymoq,to smile
деревня,qishloq,village
картина,rasm / manzara,picture
улыбаться,jilmaymoq,to smile
почувствовать,his qilmoq / sezmoq,to feel
будущее,kelajak,future
коридор,koridor,corridor
толстый,yo'g'on / semiz,thick / fat
нравиться,yoqmoq,to like
правый,o'ng,right
больной,kasal / og'riqli,ill / sick
ум,aql / idrok,mind
менее,kamroq,less
привести,olib kelmoq,to bring / to lead
предложить,taklif qilmoq,to offer
вызвать,chaqirmoq / sabab bo'lmoq,to cause
кабинет,kabinet / xona,cabinet
многие,ko'pchilik / ko'plar,many
легко,oson / yengil,easily
колено,tizza,knee
хватать,yetarli bo'lmoq / ushlamoq,to suffice / to grasp
принести,olib kelmoq / keltirmoq,to bring / to yield
всякое,har qanday / istalgan,every / any
бутылка,shisha / idish,bottle
государственный,davlat (sifat),state
рабочий,ishchi / ishning,worker's / working
сто,yuz,hundred
телефон,telefon,phone
компания,kompaniya,company
крупный,yirik / katta,large
открытый,ochiq,open
доктор,doktor / shifokor,doctor
принимать,qabul qilmoq,to accept
вниз,pastga,downwards
автор,muallif,author
мужик,qishloq kishisi / g'alati odam,peasant / boor
вовсе,umuman / aslo,at all
интерес,qiziqish / manfaat,interest
провести,o'tkazmoq / amalga oshirmoq,to lead / to carry out
хватить,yetmoq / yetarli bo'lmoq,to suffice
двое,ikki kishi,two
холодный,sovuq,cold
счёт,hisob,account
спокойно,xotirjam / tinch,calmly / easy
местный,mahalliy,local
лейтенант,leytenant,lieutenant
оружие,qurol,weapon
игра,o'yin,game
приходиться,majbur bo'lmoq / to'g'ri kelmoq,must / to come / to fall within
крикнуть,qichqirmoq,to shout
попросить,so'ramoq / iltimos qilmoq,to ask
требовать,talab qilmoq,to demand
бой,jang / kurash,fight
качество,sifat,quality
смеяться,kulmoq,to laugh
родной,tug'ilgan / o'z,native
жёлтый,sariq,yellow
член,a'zo / ishtirokchi,member
достаточно,yetarli / yetarlicha,enough / sufficient
хлеб,non,bread
прислать,yuborib qo'ymoq,to send
золотой,oltin / oltin rang,gold
политический,siyosiy,political
обычный,oddiy / odatdagi,usual
развитие,rivojlanish,development
важный,muhim / ahamiyatli,important
банк,bank,bank
совет,maslahat / кengаsh,advice
столько,shuncha,so many
возвращаться,qaytmoq / qaytib kelmoq,to come back
трубка,trubka / nay,tube
ладонь,kaft,palm
железный,temir (sifat),iron
оказываться,ma'lum bo'lmoq / chiqib qolmoq,to appear
институт,institut,institute
потерять,yo'qotmoq / qo'ldan bermoq,to lose
молодая,yosh (ayol) / kelin,young / bride
правительство,hukumat,government
остальной,qolgan / boshqa,other
выпить,ichib yubormoq,to drink
показывать,ko'rsatmoq,to show
идея,g'oya / fikr,idea
точка,nuqta,point
уровень,daraja / sath,level
профессор,professor,professor
наука,ilm / fan,science
событие,voqea / hodisa,event
союз,ittifoq / birlashma,union
король,qirol,king
половина,yarmi / yarim,half
метр,metr,meter
отдать,berib yubormoq,to give
вера,ishonch / e'tiqod,belief
кивнуть,bosh silkitmoq,to nod
область,viloyat / soha / maydon,area
исчезнуть,g'oyib bo'lmoq,to disappear
ситуация,vaziyat / holat,situation
кухня,oshxona,kitchen
надежда,umid,hope
род,avlod / oila / tur,family / kin / kind
офицер,ofitser,officer
синий,to'q ko'k,blue
течение,oqim / davomida,current / flow
информация,ma'lumot / axborot,information
получиться,chiqmoq / bo'lmoq,to turn out
тёплый,iliq,warm
молча,jim / indаmay,silently
немецкий,nemis (sifat),German
видимо,ehtimol / ko'rinishicha,probably
бить,urmoq / kaltaklаmoq,to beat
частый,tez-tez / ko'p bo'ladigan,frequent
поздний,kech / so'nggi,late
создать,yaratmoq,to create
сорок,qirq,forty
граница,chegara,border
слеза,ko'z yoshi,tear
поскольку,chunki / sababli,since / as
рассказ,hikoya,story
вспоминать,eslаmoq,to recall
получать,olmoq,to receive
трава,o't / o'simlik,grass
шесть,olti,six
упасть,yiqilmoq / tushib ketmoq,to fall
тридцать,o'ttiz,thirty
борьба,kurash / jang,struggle
достать,topmoq / qo'lga kiritmoq,to get
шея,bo'yin,neck
десяток,o'nta / o'nlik,ten
надеяться,umid qilmoq,to hope
толпа,olomon / to'da,crowd
московский,moskvalik / moskvaning,Moscow (adj)
родитель,ota-ona,parent
правило,qoida,rule
слать,yubormoq,to send / to dispatch
секунда,soniya,second
вздохнуть,xo'rsinmoq / nafas olmoq,to sigh
уверенный,ishongan / qat'iy,confident
неизвестный,noma'lum,unknown
программа,dastur / reja,program
фамилия,familiya / ism-sharif,surname
звук,tovush / ovoz,sound
роман,roman / qissa,novel
неожиданно,kutilmaganda / to'satdan,unexpectedly
вон,u yerda / chiqib ket,there / out
тонкий,ingichka / nozik,thin
чай,choy,tea
внутренний,ichki,internal
роль,rol,role
сознание,ong / idrok,consciousness
верный,sadoqatli / to'g'ri,faithful / true
команда,komanda / buyruq,command
спасибо,rahmat,thanks
прекрасный,ajoyib / go'zal,splendid / fine
петь,qo'shiq aytmoq / kuylаmoq,to sing
магазин,do'kon,shop
впервые,birinchi marta,for the first time
американский,amerikalik / amerikancha,American
ворота,darvoza,gate
простить,kechirmoq / avf etmoq,to forgive
полковник,polkovnik,colonel
природа,tabiat,nature
сильно,kuchli / juda,strongly
запах,hid / xush bo'y,smell
поэт,shoir,poet
район,tuman / rayon,area
лист,barg / varaq,leaf / sheet
перестать,to'xtatmoq / to'xtamoq,to cease / to stop
стекло,oyna / shisha,glass
выше,yuqorida / balandroq,above / higher
количество,miqdor / soni,quantity
этаж,qavat,floor / level of a building
тип,tur / tip,type
пожаловать,marhamat etmoq / xush kelibsiz,to grant / to welcome
свобода,erkinlik / ozodlik,freedom
сапог,etik / botinki,boot
суд,sud / mahkama,court
чей,kimning,whose
выход,chiqish / yechim,exit / output
дед,bobo / o'g'il bobo,grandfather
лоб,peshona,forehead
кресло,kreslo / armkreslo,armchair
дочь,qiz / qizcha,daughter
серьёзный,jiddiy,serious
ожидать,kutmoq,to expect
характер,xarakter / tabiat,character
опыт,tajriba,experience
площадь,maydon,area / square / plaza
вновь,yana / qaytadan,again
быстрый,tez,fast
появляться,paydo bo'lmoq,to appear
управление,boshqaruv,management
связанный,bog'liq / ulangan,connected / bundled
мнение,fikr / mulohaza,opinion
впереди,oldida / oldinga,in front of / ahead of
использовать,foydalanmoq / ishlatmoq,to use
взглянуть,bir qarаb qo'ymoq,to look
революция,inqilob,revolution
долгий,uzoq davom etgan,long
улыбка,jilmayish / tabassum,smile
рост,o'sish / boy,growth
лошадь,ot / biya,horse
тихий,jim / sokin,silent / quiet
глубокий,chuqur,deep
левый,chap,left
кожа,teri / charm,leather / skin
звезда,yulduz,star
поезд,poyezd,train
протянуть,cho'zmoq / uzatmoq,to stretch
служить,xizmat qilmoq,to serve
сестра,opa / singil,sister
пожалуйста,marhamat / iltimos,please
уехать,ketmoq (transport),to leave
поверить,ishonmoq,to believe
баба,ayol / momо,woman
нечего,hech nima / kerak emas,need not / no need
цветок,gul,flower
дождь,yomg'ir,rain
желание,istak / xohish,desire
болезнь,kasallik,illness
вызывать,chaqirmoq / sabab bo'lmoq,to cause
называться,deyilmoq / atalmoq,be referred to as / to be called
встретить,uchrаmoq / ko'rishmoq,to meet
сосед,qo'shni,neighbour
пример,misol / namuna,example
разговаривать,gaplashmoq / suhbatlashmoq,to talk
позволить,ruxsat etmoq / ijozat bermoq,to allow
обнаружить,topmoq / aniqlаmoq,to find out
дама,xonim / bekor,lady
повернуться,o'girilib olmoq / burilmoq,to turn
орган,organ / muassasa,organ / agency / body
поле,dala / maydon,field
ящик,quti / sandiq,box
цена,narx / qiymat,price
подходить,yaqinlashmoq / moslamoq,to approach
горячий,issiq / qizg'in,hot
милый,aziz / mehribon,dear / darling
слабый,kuchsiz / zaif,weak
ах,oh / voy,ah / ugh / jeepers
карта,karta / xarita,card / map
слава,shon-shuhrat / dovrug',glory
радость,sevinch / xursandchilik,joy / pleasure
зато,buning o'rniga / ammo,but / on the other hand
тень,soya,shadow
висеть,osig'liq turmoq / osilib turmoq,to hang
операция,operatsiya / amaliyot,operation
выглядеть,ko'rinmoq,to look / to seem
действовать,harakat qilmoq / ta'sir etmoq,to operate
нести,olib yurmoq / ko'tarmoq,to bear / to carry
музыка,musiqa,music
голубой,ko'k / moviy,blue / azure
гореть,yonmoq,to burn
завод,zavod / fabrika,factory
добавить,qo'shmoq,to add
лето,yoz,summer
весьма,juda / ancha,very / greatly
садиться,o'tirmoq / qo'nmoq,to sit down
ибо,chunki / negaki,because / for
мелкий,mayda / kichik,small / fine
помогать,yordam bermoq,to help
любимый,sevimli,beloved / favourite
станция,stansiya,station
повод,sabab / bahona,occasion
воля,iroda / xohish,will
литература,adabiyot,literature
детский,bolalar (sifat),children's
правильно,to'g'ri,correctly
дурак,ahmoq / tentak,fool
приказ,buyruq,order
гражданин,fuqaro,citizen
интересно,qiziqarli,interestingly
счастливый,baxtli / xushbаxt,happy
крыша,tom,roof
цвет,rang,color
весёлый,quvnoq / xushchaqchaq,cheerful
повторить,takrorlamoq,to repeat
невозможно,imkonsiz / mumkin emas,impossible
статья,maqola / modda,article / clause
круг,doira / aylana,circle
столь,shunchalik / shunday,so / such
факт,fakt / haqiqat,fact
бок,yon / qovurg'a,side
относиться,munosabatda bo'lmoq / tegishli bo'lmoq,to relate / to belong
причём,bundan tashqari / shu bilan birga,moreover / at that
учиться,o'qimoq / ta'lim olmoq,to study
стул,stul,chair
удивиться,hayron qolmoq,to be surprised
средний,o'rtacha,average
современный,zamonaviy / hozirgi,modern
лагерь,лагерь / lager,camp
войско,qo'shin / armiya,army
недавно,yaqinda / sal oldin,recently
удовольствие,zavq / rohat,pleasure
вино,vino / sharab,wine
возраст,yosh / umr,age
погибнуть,halok bo'lmoq / o'lmoq,to perish / to die
способный,qodir / iqtidorli,capable / talented
лестница,zina,ladder
держаться,ushlab turmoq / tutinmoq,to hold on
министр,vazir / ministr,minister
фронт,front,front
передать,uzatmoq / topshirmoq,to transfer / to pass
обратно,qaytib / orqaga,back
стрелять,o'q uzmoq / otmoq,to shoot
Петербург,Peterburg,Peterburg
неужели,nahotki / mumkinmi,really / can it be true
сад,bog',garden
проводить,o'tkazmoq / kuzatib qo'ymoq,to spend
задача,vazifa / masala,problem
острый,o'tkir / keskin,sharp
осторожно,ehtiyotkorlik bilan,cautiously
свободный,erkin / bo'sh,free
входить,kirmoq,to enter
темнота,qorong'ilik,darkness
название,nom / nomi,name
двигаться,harakatlanmoq,to move
возникнуть,paydo bo'lmoq / yuzaga kelmoq,to arise / to appear
большинство,ko'pchilik,majority
организация,tashkilot,organization
дым,tutun,smoke
высший,oliy / eng yuqori,highest
километр,kilometr,kilometer
позвонить,qo'ng'iroq qilmoq / telefon qilmoq,to call
закричать,qichqirib yubormoq,to cry / to shout
ради,uchun / sababli,for the sake of / because of
председатель,raisi / sarkotib,chairman
приказать,buyurmoq,to order
прямой,to'g'ri / ravon,straight
слегка,biroz / ozgina,slightly
попробовать,sinаb ko'rmoq,to try
вскоре,tez orada,soon
вверх,yuqoriga,upwards
ночной,tungi,night (adj)
доллар,dollar,dollar
носить,ko'tarmoq / kiymoq,to carry / to wear
выражение,ifoda,expression
кончиться,tugamoq / to'xtamoq,to terminate / to expire
плакать,yig'lamoq,to cry
танк,tank,tank
мешать,aralаshtirmoq / halaqit bermoq,to stir / to interfere
сухой,quruq,dry
зима,qish,winter
знак,belgi / imo,sign
семь,yetti,seven
получаться,chiqmoq / bo'lmoq,to turn out
мозг,miya,brain
учитель,o'qituvchi,teacher
желать,tilamoq / istamoq,to wish
обязательно,albatta / majburiy,necessarily / compulsory
майор,mayor (harbiy unvon),major
привыкнуть,ko'nikmoq / odatlanmoq,to get used
понятно,tushunарli / aniq,clearly / understandable
судить,hukm qilmoq / muhokama qilmoq,to judge
тишина,sukunat / jimlik,silence
кровать,karavot,bed
очередной,navbatdagi / keyingi,next / sequential
деятельность,faoliyat,activity
США,AQSh,USA
рыба,baliq,fish
щека,yanoq,cheek
птица,qush,bird
обещать,va'da bermoq,to promise
страшно,dahshatli / juda qo'rqinchli,terribly / ghastly
ставить,qo'ymoq / joylashtirmoq,to put / to place
странно,g'alati / ajib,strange
папа,dada / ota,daddy
касаться,tegmoq / aloqador bo'lmoq,to concern
водка,vodka,vodka
здание,bino / imorat,building
зеркало,ko'zgu,mirror
собраться,yig'ilmoq,to gather
искусство,san'at,art
начало,boshlanish / ibtido,beginning
пахнуть,hidlamoq / hid taratmoq,to smell
возникать,paydo bo'lmoq / yuzaga kelmoq,to arise
несмотря,qaramасdan / bo'lsa ham,despite
вагон,vagon,carriage / railroad car
отсюда,bu yerdan / bundan,from here / hence
автомат,avtomat / qurol,the automatic device
свежий,yangi / sershira,fresh
мокрый,ho'l,wet
милиция,militsiya / politsiya,police
срок,muddat / muddat,period
боевой,jangovar / harbiy,combat
спокойный,xotirjam / sokin,calm
одежда,kiyim,clothing
здоровый,sog'lom,healthy
корабль,kema,ship
кулак,mushtum,fist / claw / kulak
художник,rassom / chizmakor,artist
курс,kurs / yo'nalish,course
куст,buta,bush
состав,tarkib / tuzilma,composition / structure
западный,g'arbiy,western
дорогой,qimmatli / aziz / qadrli,expensive / valuable / darling
лететь,uchmoq,to fly
явно,aniq / ravshan,clearly
чудо,mo'jiza / ajoyib,miracle
крайний,chekka / haddan tashqari,outermost / extreme
кусок,bo'lak / parcha,piece
интересный,qiziqarli,interesting
заявить,e'lon qilmoq / bildirmoq,to state
оттуда,u yerdan,from there
фирма,firma / kompaniya,firm
миллион,million,million
разуметься,tushunilmoq,be meant / be understood
пространство,fazo / makon,space
тема,mavzu / tema,theme
начинаться,boshlanmoq,to begin / get going
мировой,dunyo (sifat),world
ударить,urmoq / zarba bermoq,to strike
напоминать,eslatmoq / o'xshamoq,to remind / to resemble
заставить,majbur qilmoq,to force
линия,chiziq / liniya,line
поговорить,gaplashmoq,to have a talk
мешок,xalta / qop,bag
наверно,ehtimol,probably
бабушка,buvi / momо,grandmother
крик,qichqiriq / hay-hay,cry
рот,og'iz,mouth
сутки,bir kecha-kunduz,twenty-four hours
малый,kichik,little / small-scale
ключ,kalit,key
звонить,qo'ng'iroq qilmoq,to ring / to call
процент,foiz,percentage
ощущение,his / tuyg'u,sensation
немедленно,darhol / zudlik bilan,immediately
остров,orol,island
конь,ot (erkak),horse
объявить,e'lon qilmoq,to declare
узкий,tor,narrow
театр,teatr,theater
живот,qorin,stomach
производство,ishlab chiqarish,production
штаб,shtab / markaziy qo'mondonlik,headquarters (military)
детство,bolalik,childhood
резко,keskin / qat'iy,sharply
придумать,o'ylab topmoq / ixtiro qilmoq,to invent / to contrive
броситься,otilmoq / yugurib bormoq,to rush / to jump at
сотня,yuz / bir yuzta,hundred
попытаться,urinib ko'rmoq,to attempt
стакан,stakan / shisha idish,glass container
всякий,har qanday,every / any
умный,aqlli / ziyrak,clever
трое,uch kishi,three
материал,material,material
ужас,dahshat / qo'rquv,horror
схватить,ilib olmoq / tutib olmoq,to seize / to grip
приняться,boshlаmoq,to start
значение,ma'no / qiymat,value / meaning
труба,truba / nay,pipe
отказаться,rad etmoq / bosh tortmoq,to refuse
виноватый,aybdor / gunohkor,guilty
стихи,she'r / nazmlar,verses
способ,usul / yo'l,method
обстоятельство,vaziyat / holat,circumstance
четвёртый,to'rtinchi,fourth
степень,daraja,degree
Германия,Germaniya,Germany
СССР,SSSR,USSR
отправиться,jo'namoq / yo'lga chiqmoq,to leave / set off / out
вставать,turmoq / o'rnidan turmoq,to arise / stand up
волна,to'lqin,wave
обратиться,murojaat qilmoq / aylanmoq,to turn / to address
плохой,yomon,bad / amiss
мёртвый,o'lik / vafot etgan,dead
предлагать,taklif qilmoq,to propose
глубина,chuqurlik,depth
специальный,maxsus / alohida,special
представитель,vakil / namoyanda,representative
нож,pichoq,knife
точный,aniq / to'g'ri,precise
рынок,bozor,market
шум,shovqin / gapg'apa,noise
студент,talaba / student,student
впечатление,taassurot,impression
засмеяться,kulmoq / kulib yubormoq,to laugh
отдел,bo'lim / qism,division
запад,g'arb,west
падать,yiqilmoq / tushmoq,to fall
закончить,tugatmoq,to finish
снимать,olib tashlаmoq / suratga olmoq,to remove
успех,muvaffaqiyat,success
инженер,muhandis,engineer
население,aholi,population
встречаться,uchrashmоq / ko'rishmoq,to encounter / to meet
некий,ba'zi / ayrim,certain
вдоль,bo'ylab,along / lengthwise
пыль,chang,dust
следить,kuzаtmoq / nazorat qilmoq,to watch / to follow
зайти,kirib o'tmoq,to visit
спасти,qutqarmoq,to save
знание,bilim,knowledge
различный,turli-xil / har xil,different / various
секретарь,kotib,secretary
побежать,yugurib ketmoq,to start running
ошибка,xato,error
боец,jangchi / askar,soldier
женский,ayollar (sifat),female
масса,massa / katta miqdor,mass
черта (2),xususiyat / belgi,features
одновременно,bir vaqtda / birdan,simultaneously
царь,podsho / tsar,emperor
естественно,tabiiy ravishda,naturally
позволять,ruxsat bermoq / ijozat etmoq,to allow
закрыть,yopmoq,to shut
фигура,figura / shakl,figure
велеть,buyurmoq,to order
противник,raqib / dushman,enemy
даль,uzoqlik / uzoq masofa,distance
знаменитый,mashhur / taniqli,famous
нормальный,normal / oddiy,normal
журнал,jurnal,periodical
направление,yo'nalish,direction
замок,qulf / qal'a,lock / castle
иметься,mavjud bo'lmoq,be available
победа,g'alaba,victory
суметь,udday olmoq,to be able
сотрудник,hamkasb / xodim,colleague
заговорить,gapira boshlаmoq,to start talking
несколько (мест.),bir necha,several / a few
крепкий,mustahkam / kuchli,strong
подниматься,ko'tarilmoq,to rise
вытащить,tortib chiqarmoq,to take out
редкий,kam uchraydigan / noyob,rare
мягкий,yumshoq,soft
городской,shahar (sifat),urban
социальный,ijtimoiy,social
адрес,manzil,address
обращаться,murojaat qilmoq,to address
период,davr / muddat,period
еврей,yahudiy,Jewish
слух,mish-mish / eshitish,rumor
пользоваться,foydalanmoq,to use
клуб,klub / to'garak,club
верно,to'g'ri / aynан,aright / correct
хвост,dum,tail
восемь,sakkiz,eight
пошлый,odobsiz / quruq,vulgar / banal
предмет,narsa / buyum / fan,object
честь,sharaf / hurmat,honor
общественный,jamoat / jamiyat (sifat),public
открывать,ochmoq,to open
отдельный,alohida,separate
лечение,davolash / muolaja,treatment
экономический,iqtisodiy,economic
взяться,kirishmoq / qo'l urmoq,to undertake
встретиться,uchrashmoq,to meet / get together
зрение,ko'ruv / ko'zning ko'rishi,sight
замечать,payqаmoq / eslatmoq,to note
наблюдать,kuzаtmoq,to observe
наоборот,aksincha,vice versa / conversely
голый,yalang'och,naked
круглый,dumaloq / yumaloq,round
беда,balo / muammo,misfortune
столица,poytaxt,capital city
обед,tushlik,dinner
грязный,iflos / kir,dirty
опустить,tushirmoq / pastlatmoq,to lower
культура,madaniyat,culture
спешить,shoshmoq,to hurry
высота,balandlik,height
территория,hudud / territoriya,territory
костюм,kostyum / kiyim,suit
светлый,yorug' / ravshan,bright
деревянный,yog'och (sifat),wooden
гораздо,ancha / juda ko'p,much
громко,baland ovozda / qattiq,loudly
поздно,kech,late / out of time
обернуться,o'girilmoq / qarab ketmoq,to turn one's face
попытка,urinish / harakat,attempt
дно,tub,bottom
пятьдесят,ellik,fifty
остановить,to'xtatmoq,to stop
полностью,to'liq / tamomila,completely
страница,bet / sahifa,page
лишний,ortiqcha / kerakmas,superfluous / extra
многое,ko'p narsа,much
еда,ovqat / taom,food
размер,o'lcham / hajm,size
курить,chekmoq,to smoke
состоять,tashkil topmoq / iborat bo'lmoq,to consist
предприятие,korxona,enterprise
сцена,sahna / ko'rinish,scene
английский,ingliz (sifat),English
проснуться,uyg'onmoq,to awake
устроить,tartibga solmoq / tashkil etmoq,to arrange
понравиться,yoqmoq / manzur bo'lmoq,to please / to like
явиться,paydo bo'lmoq / kelmoq,to appear
фотография,fotosurat / rasm,photograph
заболевание,kasallik / xastalik,disease
принцип,printsip / tamoyil,principle
миг,lahza / bir zumda,moment
Европа,Yevropa,Europe
платить,to'lamoq,to pay
помочь,yordam bermoq,to assist / to help
нынешний,hozirgi / bugungi,present
вероятно,ehtimol / balki,probably
тётя,xola / amaki (ayol),aunt
лечь,yotmoq,to lie down
мастер,usta,master
отряд,otriyad / guruh,detachment / squadron
старуха,kampir / qariya ayol,old woman
руководитель,rahbar / boshlig'i,leader
житель,aholi / yashovchi,inhabitant
меч,qilich,sword
научный,ilmiy,scientific
дышать,nafas olmoq,to breathe
Господь,Rabbiy / Xudo,the Lord / God
наиболее,eng ko'p / asosan,most
тюрьма,qamoqxona / zindоn,prison
подождать,kutib turmoq,to wait
ближайший,eng yaqin / yaqin atrofdagi,nearest
внутри,ichida,inside / within
дворец,saroy,palace
яркий,yorqin,bright
учёный,olim / bilimdon,scientific / trained
камера,kamera / xona,camera
привезти,olib kelmoq,to bring
существо,mavjudot / mohiyat,creature / essence
билет,bilet / chipta,ticket
соседний,qo'shni / yonma-yon,neighboring / adjacent
фраза,ibora / jumla,phrase
повторять,takrorlamoq,to repeat
Америка,Amerika,America
весна,bahor,spring
лодка,qayiq / kema,boat
считаться,hisoblanmoq / sanalmoq,to be counted
фильм,film / kino,film
родиться,tug'ilmoq,to be born
больница,shifoxona / kasalxona,hospital
смех,kulgi / kulinish,laughter
специалист,mutaxassis,specialist
образование,ta'lim / hosil bo'lish,formation / education
спасть,tushmoq / pasaymoq,to fall / to decline
пятый,beshinchi,fifth
мальчишка,o'g'il bola / yigitcha,boy
проговорить,gapirmoq,to speak
выбрать,tanlаmoq,to select
тяжело,og'ir / qiyin,heavily / hard
определённый,ma'lum / aniq,special / definite
продукт,mahsulot,product
пистолет,to'pponcha,pistol
раздаться,eshitilmoq,be heard
постепенно,asta-sekin,gradually
Родина,Vatan / Yurt,native land
возможный,mumkin / amalga oshirish mumkin,possible
личность,shaxs,personality
собственно,aslidа / mohiyatan,strictly
собрать,yig'moq / to'plamoq,to gather
насчёт,haqida / borasida,about / as regards / concerning
внимательно,diqqat bilan / sinchiklab,heedfully / observantly
скорость,tezlik,speed
участок,bo'lak / qism / yer,section
учить,o'qitmoq / o'rganmoq,to teach / to learn
технический,texnik,technical
видимый,ko'rinadigan,visible
текст,matn,text
зверь,yirtqich hayvon,beast
вслед,ketidan / ortidan,after / behind
ездить,yurishmoq / bormoq (transport),to drive
злой,yovuz / g'azabli,wicked / evil
извинить,kechirmoq,to excuse
дикий,yovvoyi,wild
народный,xalq (sifat),people
артист,artis / san'atkor,artist
усмехнуться,kinoya bilan kulmoq,to smile / to sneer
автомобиль,avtomobil / mashina,automobile
участие,ishtirok,participation
кот,mushuk,cat
мост,ko'prik,bridge
примерно,taxminan,approximately
находить,topmoq,to find
здоровье,sog'liqlik / salomatlik,health
костёр,gulxan,bonfire
заходить,kirib bormoq,to go in
человечество,insoniyat,humanity
пуля,o'q,bullet
сомнение,shubha / ikkilanish,doubt
морской,dengiz (sifat),sea
отсутствие,yo'qlik / mavjud emaslik,absence
случайно,tasodifan / bexosdan,by chance
сложный,murakkab / qiyin,complex
мясо,go'sht,meat
нечто,nimadir / bir narsa,something
собирать,yig'moq / to'plamoq,to gather
отметить,qayd etmoq / belgilamoq,to note
исторический,tarixiy,historical
читатель,o'quvchi,reader
доска,taxta / doskа,board
убийство,qotillik,murder
дальний,uzoqdagi,distant
тянуть,tortmoq / siltamoq,to pull
мгновение,lahza / bir zumda,instant
восток,sharq,east
обратить,aylantimoq / qaratmoq,to turn / to convert
отпустить,qo'yib yubormoq,to let go
бегать,yugurib yurmoq,to run
настроение,kayfiyat,mood
означать,anglatmoq,to indicate
составлять,tashkil qilmoq,to comprise
реальный,haqiqiy / real,real
пауза,tanaffus / pauza,pause
приём,qabul / usul,admission
порог,ostonа / chegara,threshold / doorstep
фон,fon / orqa tomoni,background
национальный,milliy,national
выдержать,bardosh bermoq,to withstand
ясный,aniq / yorqin,clear
весело,quvnoqlik bilan,cheerily / gaily
пропасть,yo'qolmoq / g'oyib bo'lmoq,disappear
рыжий,qizil sochli / to'q sariq,red
постоянно,doimo / uzluksiz,constantly
песок,qum,sand
долг,qarz / burch,debt
настолько,shunchalik,so
пьяный,mast / ichkilikboz,drunk
поступить,kirmoq / harakat qilmoq,to enter / to behave
предложение,taklif / gap,proposal
внешний,tashqi,external
работник,ishchi / xodim,worker
проверить,tekshirmoq,to verify
отправить,yubormoq,to send
прекрасно,ajoyib / go'zal,wonderful
наступить,boshlanmoq / hujum qilmoq,to begin / act on the offensive
объяснять,tushuntirmoq,to explain
сожаление,afsus / nadomаt,regret
пожать,silkitmoq / siqmoq (qo'l),to shake
сверху,yuqoridan / tepasidan,on top / from above
торчать,chiqib turmoq,to stick out
оставлять,qoldirmoq,to leave
горло,tomoq / bo'g'iz,throat
навстречу,peshvoz / tomon,towards
ресторан,restoran,restaurant
список,ro'yxat,list
задний,orqa / keyingi,rear
праздник,bayram / dam olish kuni,holiday
покой,tinchlik / dam olish,rest
шутка,hazil / latifa,joke
автобус,avtobus,bus
летний,yozgi,summer (adj)
вариант,variant / ko'rinish,version
занимать,egallаmoq / band etmoq,to occupy
дыхание,nafas,breath / respiration
признаться,iqror bo'lmoq / e'tirof etmoq,to confess / to acknowledge
организм,organizm / tirik mavjudot,organism
дрожать,titramoq,to shake
поймать,tutmoq / ilib olmoq,to catch
опасный,xavfli,dangerous
жертва,qurbon / jabrlanuvchi,victim
далее,bundan keyin / keyingisi,further
начальство,boshliqlar / rahbariyat,authorities
каменный,toshdan yasalgan / qattiq,rock (adj)
рукав,yengi (kiyimning),sleeve
занятие,mashg'ulot / faoliyat,occupation
северный,shimoliy,northern
признать,tan olmoq,to recognize
охрана,muhofaza / qo'riqchi,protection
бедный,kambag'al / bechora,poor
постоянный,doimiy / uzluksiz,constant
масло,yog' / mol yog'i,butter / oil
сунуть,tiqmoq / solib qo'ymoq,to pop into / to put
захотеть,xohlab qolmoq,to want
кость,suyak,bone
международный,xalqaro,international
воскликнуть,hayajon bilan aytmoq,to exclaim out
пиво,pivo / pivо,beer
полтора,bir yarim,one and half
вскочить,sakrab turmoq,to jump
центральный,markaziy,central
чиновник,amaldor / mansabdor,official
эхо,aks-sado,echo
здравствовать,sog'-salomat bo'lmoq,to be in good health
потолок,shift,ceiling
руководство,rahbarlik / boshqaruv,management
защита,himoya / muhofaza,protection
разрешить,ruxsat bermoq / hal etmoq,to permit / to solve
важно,muhim / ahamiyatli,important
энергия,energiya,energy
звонок,qo'ng'iroq,bell
построить,qurmoq,to build
сигарета,sigaret,cigarette
закрытый,yopiq,closed
пустить,qo'yib yubormoq,to release
тепло,issiqlik / iliqlik,warmth / heat
кошка,mushuk (ayol),cat
установить,o'rnatmoq,to establish
зона,zona / hudud,zone
диван,divan / kunjak,sofa
встречать,kutib olmoq,to meet
внезапно,to'satdan / birdaniga,suddenly
предел,chegara / chegarа,limit
единый,yagona / birlаshgan,united
напротив,qarshisida / aksincha,opposite to / across the way
зря,bekorga / behuda,in vain
полагать,taxmin qilmoq,to assume
перейти,o'tmoq / ko'chmoq,to go over / to pass
мечтать,orzulamoq,to dream
терять,yo'qotmoq,to lose
трудный,qiyin / murakkab,difficult
испытывать,his qilmoq / boshdan kechirmoq,to experience
постель,to'shak,bed
тайна,sir / maxfiyat,secret
лезть,chiqmoq / suqulib kirmoq,to climb
туман,tuman / qalinlik,fog
древний,qadim / qadimgi,ancient
бросать,tashlamoq / irg'itmoq,to throw
книжка,kitobcha,book
жалко,achinmoq / xayfsiz,pitiful
воспоминание,xotira / esdalik,recollection
оглянуться,orqaga qaramoq,to look back
Ленинград,Leningrad,Leningrad
густой,qalin / zig'ir,thick
практически,amaliy jihatdan,practically
вечный,abadiy / mangu,eternal
существование,mavjudlik / borlik,existence
сзади,orqadan,behind
королева,malika,queen
принадлежать,tegishli bo'lmoq / mansub bo'lmoq,to belong
вход,kirish / kirish joyi,entrance
церковь,cherkov,church
преступление,jinoyat,crime
музей,muzey,museum
планета,sayyora,planet
опасность,xavf,danger
прочитать,o'qib chiqmoq,to read
пускать,qo'yib yubormoq,to release
болеть,kasal bo'lmoq,to be ill
иностранный,xorijiy / chet el,foreign
низкий,past / quyi,low
поиск,qidiruv / axtarish,search
палатка,chodir / chodircha,tent
пригласить,taklif etmoq / chaqirmoq,to invite
добраться,yetib bormoq,to reach
французский,fransuz (sifat),French
источник,manba,source
честно,halol / rostgo'ylik bilan,honestly
основание,asos / sabab,base
видать,ko'rmoq (so'zlashuv),to see
родственник,qarindosh,relative
выступать,chiqish qilmoq / harakat qilmoq,to come out / to act
определить,aniqlаmoq,to determine
взрослый,katta / voyaga yetgan,adult
заглянуть,mo'ralab ko'rmoq,to glance
осень,kuz,autumn
представление,taqdim / g'oya,presentation / idea
способность,qobiliyat,ability
понятие,tushuncha / konsepsiya,notion / concept
тон,ton / ohang,tone
итак,demak / xulosa,thus
аппарат,apparat / qurilma,apparatus
водитель,haydovchi,driver
утверждать,ta'kidlamoq / da'vo qilmoq,to assert
глупый,ahmoq / bema'ni,foolish
больно,og'riqli / og'riq bilan,painfully
тайный,sir / yashirin,secret
крыло,qanot,wing
изменение,o'zgarish,change
беседа,suhbat / muloqot,conversation
пост,lavozim / post,post
вывод,xulosa / chiqarish,conclusion / withdrawal
комиссия,komissiya,commission
стоить,turmoq (narx) / baholanmoq,to cost
множество,ko'p / to'da,great number / multitude
явление,hodisa / ko'rinish,phenomenon / appearance
торопиться,shoshmoq / oshiqmoq,to hurry
розовый,pushti,pink
вынуть,chiqarmoq / olmoq,to take out
красота,go'zallik / chiroyli,beauty
дальнейший,keyingi / bundan keyingi,further / future
мороз,ayoz / qattiq sovuq,frost
дача,dacha / qishloq uyi,dacha
очевидно,aniq / ko'rinib turibdi,obviously
вернуть,qaytarmoq,to return
рано,erta,early
строить,qurmoq / loyiha qilmoq,to construct / to build
борода,soqol,beard
догадаться,topmoq / taxmin qilmoq,to surmise
младший,kichik / kichkina,junior / younger
строго,qat'iy / intizomli,strict
площадка,maydon / o'yin joyi,playground
ниже,pastda / quyida,below
усилие,sa'y-harakat / kuch,effort
приятель,do'st / oshna,friend
честный,halol / to'g'ri,honest
ручка,tutqich / qalam,knob / pen
повернуть,burishmoq / o'girmoq,to turn
расти,o'sib bormoq,to grow
столик,kichik stol,table
журналист,jurnalist,journalist
наверняка,albatta / shubhasiz,for sure
выстрел,otish / o'q otish,shot
озеро,ko'l,lake
разобраться,tushunmoq / hal qilmoq,to understand / to unpack
приятно,yoqimli / xursandchilik bilan,enjoyably
сумка,sumka / xalta,bag
кино,kino / kinoteatr,cinema
должность,lavozim / o'rin,occupation / position
зло,yovuzlik / shaytonlik,evil
позиция,pozitsiya / nuqtai nazar,attitude / position
поглядеть,bir ko'rib qo'ymoq,to have a look
готовить,tayyorlamoq / pishirmoq,to prepare / to cook
верхний,yuqorigi / ustki,upper
удивление,hayron qolish / taajjub,surprise
следователь,tergovchi,inspector
учёник,o'quvchi / shogird,student
серьёзно,jiddiy ravishda,seriously
приятный,yoqimli / xush,pleasant
основа,asos / poydevor,basis / foundation
горе,qayg'u / g'am,grief
выскочить,otib chiqmoq / sapchib chiqmoq,to jump out
повезти,omad kulimoq / olib bormoq,to transport
рождение,tug'ilish,birth
песня,qo'shiq,song
готовиться,tayyorlanmoq,to prepare
полка,javon / raф,shelf
выполнять,bajarmoq / amalga oshirmoq,to carry out
старшина,starshina,first sergeant
колесо,g'ildirak,wheel
вряд ли,qiyin / ehtimolsiz,hardly
шофёр,haydovchi / shofer,driver
проект,loyiha,project
совесть,vijdon,conscience
навсегда,abadiy / hamisha,forever
зависеть,bog'liq bo'lmoq,to depend
суть,mohiyat / asos,essence
режим,rejim / tartib,regime
поднимать,ko'tarmoq,to raise / to pick up
чемодан,chamadon,suitcase / trunk
платье,ko'ylak,dress / gown / frock
возразить,e'tiroz bildirmoq,to object
хозяйство,xo'jalik / ferma,economy / farm
полиция,politsiya,police
пункт,punkt / band,point
ствол,shox / tana / miltig'ning lulasi,stem
толк,ma'no / foyda,sense
вкус,ta'm / did,taste
приезжать,kelmoq / tashrif buyurmoq,to arrive
тотчас,shu zahot / darhol,immediately
добро,yaxshilik / xayr,good
портрет,portret / surat,portrait
спустя,dan keyin,after / later
полк,polk,regiment
кофе,qahva,coffee
отделение,bo'lim,department
подать,uzatmoq / berib qo'ymoq,to give / to serve
обстановка,vaziyat / muhit,situation
пятно,dog' / pay,spot
жениться,uylanmoq,to marry
бровь,qosh,eyebrow
телевизор,televizor,television set
найтись,topilmoq,to be located
звучать,yangiramoq / jaranglamoq,to sound
база,baza / asos,base
отличаться,farq qilmoq,to differ
отдавать,qaytarib bermoq,to give back
тревога,xavotir / tashvish,anxiety
послушать,tinglаmoq,to listen to
помещение,xona / joy,lodging / room / investment
делаться,bo'lmoq / amalga oshmoq,to be done
перевести,ko'chirmoq / tarjima qilmoq,to transfer
урок,dars,lesson
выдать,bermoq / oshkor qilmoq,to give out
поведение,xulq-atvor / muomala,behavior
создание,yaratilish / ijod,creation
собрание,yig'ilish,meeting
дедушка,bobo,grand-dad
безопасность,xavfsizlik,safety
нервный,asabiy,nervous
функция,funktsiya / vazifa,function
нарушение,buzilish / xuruj,disturbance
требоваться,talab qilinmoq,to be required
экран,ekran,screen
забрать,olib ketmoq,to take away
шапка,qalpoq / shapka,cap / hat
убивать,o'ldirmoq,to kill
выпустить,qo'yib yubormoq / chiqarmoq,to let out
полоса,chiziq / yo'lak,strip
хозяйка,uy bekasi / xo'jayin (ayol),mistress / housewife
штаны,shim,pants
врать,yolg'on gapirmoq,to lie
грязь,loy / balchiq,mud
жалеть,afsuslanmoq / achinmoq,to regret / to pity
труп,murdа / jasad,corpse
неожиданный,kutilmagan,unexpected
занятый,band / mashg'ul,occupied
подарок,sovg'a / hadya,gift
рубашка,ko'ylak (erkak),shirt / chemise
август,avgust,August
превратиться,aylanmoq / o'zgarmoq,to turn into
крепко,mahkam / qattiq,firmly
объект,ob'ekt / narsa,object
открыться,ochilmoq,to be opened
мощный,qudratli / kuchli,powerful
университет,universіtet,university
охота,ov / ovchilik,hunting
штука,narsa / dona,piece / thing
обойтись,qilmoq / muhtoj bo'lmasdan,to manage / to do without
махнуть,siltamoq / qo'l ko'tarmoq,to wave
довольный,mamnun / rozi,pleased / contented
твёрдый,qattiq / mustahkam,solid
молоко,sut,milk
катить,aylantirmoq / dumalatmoq,to roll
никуда,hech qayerga,nowhere
вынужденный,majbur qilingan / zoravоn,forced
направить,yo'naltimoq / yubormoq,to direct
буква,harf,letter / character
полезть,chiqmoq / ko'tarilmoq,to climb
вершина,cho'qqi / tepalik,peak / summit
поверхность,yuzasi,surface
терпеть,sabr qilmoq / chidаmoq,to tolerate / to suffer
рассматривать,ko'rib chiqmoq / o'rganmoq,to examine
сходить,tushmoq / bormoq,to get off / to descend
обращать,qaratmoq / aylantirmoq,to turn to / to transform
товар,tovar / mol,goods
доказать,isbotlamoq,to prove
лапа,panja (hayvon),paw
одетый,kiyingan,dressed
спуститься,pastga tushmoq,to go down
гостиница,mehmonxona,hotel
воевать,urush qilmoq / jang qilmoq,to be at war
абсолютно,mutlaqo / tamomila,absolutely
продать,sotmoq,to sell
середина,o'rta / markaz,middle
солнечный,quyoshli,sunny / solar
назначить,tayinlаmoq,to appoint
домашний,uy (sifat) / uy-ro'zg'or,domestic
бригада,brigada,brigade / team
прочесть,o'qib chiqmoq,to read
богатый,boy / farovon,rich
признак,belgi / alamat,sign
среда,chorshanba / muhit,environment / Wednesday
политика,siyosat,politics / policy
капля,tomchi,drop
вес,og'irlik / vaznа,weight
измениться,o'zgarmoq,to change
комитет,komitet,committee
отойти,chetlashmoq / uzoqlashmoq,to go away
плащ,plash / yomg'irpush,raincoat
поток,oqim,flow
решать,qaror qilmoq / yechmoq,to decide / to solve
вырасти,kattalashmoq / o'sib ulg'aymoq,to grow
познакомиться,tanishmoq,to be introduced
занять,egallаmoq / qarzga olmoq,to engage
гулять,sayr qilmoq / yurmoq,to go for a walk
посадить,eкmoq / o'tirg'izmoq,to plant
бледный,oqargan / rangi oq,pale
стремиться,intilmoq,to strive
составить,tashkil qilmoq / birlаshtirmoq,to comprise
задуматься,o'ylab qolmoq,to think
холод,sovuqlik / ayoz,cold
Париж,Parij,Paris
незнакомый,tanish bo'lmagan / begona,unfamiliar / unknown
решительно,qat'iy ravishda,decisively
позвать,chaqirmoq,to call / to invite
выполнить,bajarib chiqmoq,to carry out
записка,xat / eslatma,note
появление,paydo bo'lish,appearance
платок,ro'mol,shawl
двинуться,qo'zg'almoq / jo'namoq,to move
обладать,ega bo'lmoq,to possess
успокоиться,tinchlashmoq / xotirjam bo'lmoq,to be quieted
забывать,unutib qo'ymoq,to forget
корпус,korpus / imorat,body frame / building
останавливаться,to'xtаmoq,to stop
захватить,egallamoq / qo'lga olmoq,to capture / to grasp
близко,yaqin / yaqinda,closely
окончательно,butunlay / nihoyat,conclusively
удивительный,ajoyib / hayratlanarli,surprising / amazing
волноваться,tashvishlanmoq / xavotirlanmoq,to worry
забор,to'siq / devor,fence
октябрь,oktyabr,October
морда,tumshug' / aft,snout
прожить,yashab o'tmoq,to live
редко,kamdan-kam / siyrak,rarely
изменить,o'zgartirmoq,to change
краска,bo'yoq,paint
темно,qorong'i,dark / gloomy
спорить,bahslashmoq / tortishuv,to argue
кружок,to'garak / aylana,circle
состояться,bo'lib o'tmoq,to take place
могила,qabr,grave
приводить,olib kelmoq,to bring
облако,bulut,cloud
шкаф,shkаf / javon,cabinet
варить,qaynatmoq / pishirmoq,to cook / to boil
сумма,summa / miqdor,sum
святой,muqaddas / aziz,saint
сеть,to'r / tarmoq,network / netting
грех,gunoh,sin
помолчать,jim turmoq,to be silent
ожидание,kutish / intizor bo'lish,expectation
необходимость,zaruriyat / ehtiyoj,need
инспектор,inspektor,inspector
сообщение,xabar / ma'lumot,message / information
стенка,devоr,wall
подъезд,kirish / podyezd,porch / entrance
слышно,eshitiladi / ayon,audibly
напомнить,eslatmoq,to resemble / to remind
парк,park,park
физический,jismoniy / fizikaviý,physical
вокзал,vokzal / temir yo'l stantsiyasi,railway station
несчастный,baxtsiz / muhtoj,unhappy
орать,baqirmoq,to yell
глухой,kar / og'ir eshituv,deaf
бороться,kurashmoq,to fight
дойти,yetib bormoq,to reach / to come to
включить,ulаmoq / qo'shmoq,to include / to switch on
борт,yon / kema yoni,board / side (of the ship)
сумасшедший,aqldan ozgan / jinni,mad
интересовать,qiziqtirmoq,to interest
умирать,o'lmoq / vafot etmoq,to die
убитый,o'ldirilgan / nobud,killed
взрыв,portlash,explosion
особенный,alohida / maxsus,special
еле,zo'rg'a / qiyin bilan,hardly
расстояние,masofa,distance
локоть,tirsak,elbow
актёр,aktyor,actor
усы,mo'ylov,moustache
прибыть,yetib kelmoq,to arrive
куртka,kurtka / kurtа,jacket
заставлять,majbur qilmoq,to force
соответствующий,mos / tegishli,appropriate
частный,xususiy / shaxsiy,private
официальный,rasmiy,official
луна,oy,moon
скала,qoya / tosh,cliff
экономика,iqtisod,economy
мужской,erkaklar (sifat),male / masculine
подтвердить,tasdiqlаmoq,to confirm
тянуться,cho'zilmoq,to be pulled
обыкновенный,oddiy / kundalik,usual
буквально,tom ma'noda / aynan,literally
испугаться,qo'rqib ketmoq,to frighten
пожилой,keksaygan / qari,elderly
резкий,keskin / to'satdan,sharp / harsh / keen
лёд,muz,ice
волк,bo'ri,wolf
структура,tuzilma / struktura,structure
сержант,sergeant,sergeant
совершить,amalga oshirmoq,to accomplish / to commit
съесть,yeb qo'ymoq,to eat
клетка,qafas,cage / cell
поколение,avlod,generation
газ,gaz,fume / gas
значительный,muhim / sezilarli,significant
файл,fayl,file
орудие,qurol / asbob,instrument
коллега,hamkasb,colleague / associate
запомнить,yodlab olmoq,to memorize
просьба,iltimos / so'rov,request
согласный,rozi / rozilik bildiruvchi,agreeable
выбор,tanlov / iroda,selection
седой,oqargan soch / oq sochli,grey
куча,to'da / uyum,heap / pile
корень,ildiz,root
блестящий,yashnab turgan / yorqin,shining
содержание,mazmun / tarkib,content
разница,farq,difference
непонятный,noaniq / tushunarsiz,incomprehensible
остаток,qoldiq,remainder
расчёт,hisoblash,calculation
приближаться,yaqinlashmoq,to approach
чисто,toza,cleanly
участвовать,ishtirok etmoq,to participate
восточный,sharqiy,eastern
ловить,ushlаmoq / tutmoq,to catch
температура,temperatura / harorat,temperature
республика,respublika,republic
пояс,bel / kamar,belt
удивляться,hayron qolmoq,to be surprised
сомневаться,shubhalanmoq,to doubt
шёпот,shivirla / pichirla,whisper
сентябрь,sentabr,September
дивизия,diviziya,division (military)
гриб,qo'ziqorin,mushroom / fungus
сравнение,taqqoslash,comparison
строгий,qat'iy / talabchan,strict
замереть,qotib qolmoq / jim bo'lib qolmoq,to stand still
бабка,buvi / kampir,grandmother
гражданский,fuqarolik (sifat) / tinch,civil
записать,yozib olmoq,to write down
реакция,reaksiya / javob,reaction
тоска,qayg'u / sog'inch,melancholy
посёлок,qishloq / ko'y,settlement
полчаса,yarim soat,half-hour
кольцо,halqa / uzuk,ring
достоинство,qadr / martaba,dignity / merit
двенадцать,o'n ikki,twelve
радоваться,xursand bo'lmoq / sevinmoq,to be glad
вывести,chiqarmoq / hosil qilmoq,to derive
создавать,yaratmoq,to create
слой,qatlam,layer
подарить,tortiq qilmoq / sovg'a bermoq,to present / to give away
оттого,shuning uchun,that is why
страсть,ishtiyoq / g'ayrat,passion
ровно,aynan / teng,exactly / precisely
напряжение,taranglik / kuchlanish,stress
стыдный,uyatli / sharmandalik,shameful
коммунист,kommunist,communist
глянуть,bir qarab qo'ymoq,to cast a look
участник,ishtirokchi,participant
подруга,do'st (ayol),friend (female)
изба,qishloq uyi / yog'och uy,cottage
голод,ochlik,hunger
замечательный,ajoyib / zo'r,remarkable
временный,vaqtinchalik,temporary
пёс,it (erkak) / nopok,dog
заместитель,o'rinbosar / muovin,deputy / assistant
истина,haqiqat / to'g'rilik,truth
колонна,ustun / kolonna,column / pillar
мгновенно,bir lahzada / darhol,instantly
прикрыть,yopib qo'ymoq,to cover
оборона,mudofaa,defense
скрывать,yashirmoq,to hide / to conceal
поступать,harakat qilmoq / kirmoq,to enter / to act
поразить,hayratga solmoq / urmoq,to strike / to amaze
везти,tashimoq / olib ketmoq,to carry
предстоять,oldinda bo'lmoq,to be in prospect
элемент,element,element
пиджак,pijak / ko'ylak,coat
приносить,olib kelmoq,to bring
убедиться,ishonch hosil qilmoq,to be convinced
телефонный,telefon (sifat),telephone (adj)
крыльцо,ayvon / kirish joyidagi bostirma,porch
отличие,farq,difference
брюки,shim,trousers / pants
исследование,tadqiqot / o'rganish,study
орден,orden / medаl,order / medal
юный,yosh / yigit,young
научиться,o'rganib olmoq,to learn
техника,texnika / uskunа,technology
сойти,tushmoq / ketmoq,to descend
канал,kanal,channel
девчонка,qizcha,girl
горький,aчchiq / achinарli,bitter
крест,xoch / xochsimon,cross
печальный,qayg'uli / g'amgin,sad
теория,nazariya,theory
луч,nur / shualа,ray
молчание,sukut / jimlik,silence
литературный,adabiy,literary
батарея,batareya,battery
устройство,qurilma / jihоz,device
палка,tayoq,stick
тащить,surtmoq / sudramoq,to drag
фонарь,fonar / chiroq,lamp
лесной,o'rmon (sifat),forest (adj)
естественный,tabiiy,natural
контроль,nazorat / boshqaruv,control
крутой,tiklik / qiyin,steep
произвести,ishlab chiqarmoq / amalga oshirmoq,to produce
проклятый,la'nati / qarg'algan,cursed
покрыть,qoplаmoq,to cover
глубоко,chuqur ravishda,deeply
страдать,azob chekmoq / qiynalmoq,to suffer
ветка,shox / novda,branch
влияние,ta'sir,influence
разведка,razvedka,reconnaissance
справа,o'ng tomonda,to the right
девять,to'qqiz,nine
польза,foyda / manfaat,benefit
дочка,qizcha / qizim,daughter
надпись,yozuv / bitik,inscription
ненавидеть,nafrat qilmoq / yomon ko'rmoq,to hate
истинный,haqiqiy / chin,true
замолчать,jim bo'lib qolmoq,to become silent
твёрдо,qat'iy / mustahkam ravishda,solidly
склад,ombor,storage
передний,oldingi,front (adj)
север,shimol,north
покупать,sotib olmoq,to buy
печать,matbuot / muhur,press
крестьянин,dehqon,peasant
южный,janubiy,southern
пальто,palto / ustki kiyim,coat
любопытство,qiziqish / qiziquvchanlik,curiosity
тарелка,tovoq,plate
следствие,oqibat / tergov,consequence / investigation
насколько,qancha / qanchalik,how
выбирать,tanlamoq,to select
заранее,oldindan,in advance
семейный,oila (sifat),family (adj)
продолжаться,davom etmoq,to continue
громкий,baland ovozli,loud
подписать,imzolаmoq,to sign
ракета,raketa / uchuvchi o'q,rocket
заняться,shug'ullanmoq,to study / to engage in
завести,boshlаmoq / qo'lga kiritmoq,to get / to start
зарплата,maosh,salary
топор,bolta,axe
убийца,qotil,killer
сообразить,anglаmoq / tushunmoq,to consider / to grasp
сущность,mohiyat,essence
сперва,avvalo / birinchi navbatda,first
одинокий,yolg'iz / tanho,lonely
сохранить,saqlаmoq / muhofaza qilmoq,to preserve
домик,uycha,house
менять,almashtirmoq / o'zgartimoq,to change
запись,yozuv / kiritma,record
пожар,yong'in,fire
ага,aha / xo'p,aha
широко,keng ravishda,wide
указать,ko'rsatmoq / belgilаmoq,to indicate / to point out
спрятать,yashirmoq,to hide
свидетель,guvoh,witness
привычный,odatiy / doimiy,customary
пища,ovqat / taom,food
забота,g'amxo'rlik / tashvish,concern
открытие,kashfiyot / ochilish,discovery
девица,qiz (turmushga chiqmagan),girl
ощущать,sezmoq / his qilmoq,to feel / to experience
специально,maxsus ravishda / ataylab,specially / intentionally
вождь,rahbar / boshliq,leader
одеяло,ko'rpa,blanket
храм,ma'bad / ibodatxona,temple
стучать,taqillatmoq,to knock
сделаться,bo'lib qolmoq,to make
летать,uchmoq,to fly
пассажир,yo'lovchi,passenger
строительство,qurilish,building
поездка,sayohat / safar,trip
рана,yara,wound
верёвка,arqon / ip,rope
погода,ob-havo,weather
двести,ikki yuz,two hundred
валить,yiqitmoq / ag'darmoq,to bring down
паспорт,pasport,passport
привычка,odat / ko'nikma,habit
холм,tepalik / do'ng,hill
сдать,topshirmoq / qaytarmoq,to return
благодаря,rahmat / tufayli,thanks to / owing to
сообщать,xabar bermoq,to let know / to report
подавать,uzatmoq,to give
устать,charchаmoq,to get tired
скрыться,yashirinmoq / g'oyib bo'lmoq,to be hidden
шоссе,shоsse / asфalt yo'l,highway
могучий,qudratli / kuchli,powerful
поворот,burilish / o'zgarish,turning
восторг,hayrat / zavq,delight / enthusiasm
мечта,orzu / arzuyi,dream
кабина,kabina,cab
картошка,kartoshka,potato
уничтожить,yo'q qilmoq / mahv etmoq,to destroy
земной,yerga oid / er yuzi,terrestrial
надоесть,zeriktirmoq / bezor qilmoq,to tire / to pester
